code,name,datetime,open,high,low,close,vol
000001,上证指数,2021-01-13 09:35:00,3613.28,3613.28,3601.7,3613.23,433512512.0
000001,上证指数,2021-01-13 09:40:00,3614.34,3622.14,3614.25,3615.22,298684384.0
000001,上证指数,2021-01-13 09:45:00,3615.16,3615.16,3605.83,3610.34,251358544.0
000001,上证指数,2021-01-13 09:50:00,3610.2,3610.36,3605.04,3609.34,213326784.0
000001,上证指数,2021-01-13 09:55:00,3608.4,3618.83,3607.88,3612.99,194095152.0
000001,上证指数,2021-01-13 10:00:00,3613.03,3618.35,3612.58,3618.32,175891872.0
000001,上证指数,2021-01-13 10:05:00,3618.85,3618.85,3612.8,3613.15,177172624.0
000001,上证指数,2021-01-13 10:10:00,3612.86,3613.21,3600.7,3603.73,172753024.0
000001,上证指数,2021-01-13 10:15:00,3603.6,3606.79,3599.4,3606.79,147126976.0
000001,上证指数,2021-01-13 10:20:00,3606.97,3607.86,3598.9,3598.9,132079424.0
000001,上证指数,2021-01-13 10:25:00,3598.21,3602.25,3589.51,3590.11,143682736.0
000001,上证指数,2021-01-13 10:30:00,3589.63,3596.74,3588.2,3595.2,112571320.0
000001,上证指数,2021-01-13 10:35:00,3594.94,3598.69,3594.53,3598.53,110805288.0
000001,上证指数,2021-01-13 10:40:00,3598.64,3598.64,3593.26,3597.6,98491240.0
000001,上证指数,2021-01-13 10:45:00,3597.29,3605.65,3597.29,3605.27,109611880.0
000001,上证指数,2021-01-13 10:50:00,3605.43,3607.11,3602.08,3603.5,99479688.0
000001,上证指数,2021-01-13 10:55:00,3603.27,3607.07,3599.28,3599.28,92021040.0
000001,上证指数,2021-01-13 11:00:00,3598.82,3599.2,3595.1,3599.2,81203008.0
000001,上证指数,2021-01-13 11:05:00,3599.59,3613.55,3598.54,3613.53,83255600.0
000001,上证指数,2021-01-13 11:10:00,3613.97,3616.41,3611.65,3615.87,77490064.0
000001,上证指数,2021-01-13 11:15:00,3615.5,3616.85,3612.62,3616.38,72429696.0
000001,上证指数,2021-01-13 11:20:00,3616.17,3616.87,3611.32,3613.06,61728008.0
000001,上证指数,2021-01-13 11:25:00,3613.98,3614.69,3603.32,3604.22,98516632.0
000001,上证指数,2021-01-13 11:30:00,3604.25,3605.37,3602.29,3605.33,64014220.0
000001,上证指数,2021-01-13 13:05:00,3605.7,3608.43,3602.39,3602.39,106859368.0
000001,上证指数,2021-01-13 13:10:00,3602.09,3609.96,3602.09,3609.96,80731472.0
000001,上证指数,2021-01-13 13:15:00,3610.34,3615.62,3610.34,3611.95,96396544.0
000001,上证指数,2021-01-13 13:20:00,3612.28,3612.63,3601.74,3601.74,90128352.0
000001,上证指数,2021-01-13 13:25:00,3602.51,3603.0,3598.81,3599.1,88795680.0
000001,上证指数,2021-01-13 13:30:00,3599.27,3599.51,3590.68,3593.52,115168352.0
000001,上证指数,2021-01-13 13:35:00,3593.41,3593.66,3581.43,3584.77,118621120.0
000001,上证指数,2021-01-13 13:40:00,3585.45,3586.99,3581.53,3584.18,92798952.0
000001,上证指数,2021-01-13 13:45:00,3584.03,3591.35,3583.57,3587.06,82903664.0
000001,上证指数,2021-01-13 13:50:00,3586.4,3586.4,3576.31,3576.31,82657248.0
000001,上证指数,2021-01-13 13:55:00,3576.37,3583.9,3575.59,3582.22,74053032.0
000001,上证指数,2021-01-13 14:00:00,3582.1,3588.37,3581.9,3587.71,63856608.0
000001,上证指数,2021-01-13 14:05:00,3587.28,3589.81,3582.32,3589.81,69692592.0
000001,上证指数,2021-01-13 14:10:00,3590.07,3593.95,3589.94,3592.87,62253596.0
000001,上证指数,2021-01-13 14:15:00,3592.94,3599.23,3592.94,3596.73,67389328.0
000001,上证指数,2021-01-13 14:20:00,3595.53,3595.53,3590.91,3591.17,60256064.0
000001,上证指数,2021-01-13 14:25:00,3590.47,3590.74,3587.59,3589.63,68112848.0
000001,上证指数,2021-01-13 14:30:00,3589.69,3593.41,3588.58,3592.64,65110644.0
000001,上证指数,2021-01-13 14:35:00,3593.21,3593.21,3583.72,3583.72,82737208.0
000001,上证指数,2021-01-13 14:40:00,3582.89,3585.45,3579.98,3585.41,89941576.0
000001,上证指数,2021-01-13 14:45:00,3585.66,3587.77,3585.23,3587.62,79025904.0
000001,上证指数,2021-01-13 14:50:00,3587.53,3592.59,3586.33,3592.57,90226328.0
000001,上证指数,2021-01-13 14:55:00,3592.65,3596.25,3592.34,3595.59,105931048.0
000001,上证指数,2021-01-13 15:00:00,3596.17,3598.65,3595.77,3598.65,113584032.0
000001,上证指数,2021-01-14 09:35:00,3584.93,3587.4,3578.69,3585.67,371731264.0
000001,上证指数,2021-01-14 09:40:00,3585.66,3592.33,3580.79,3580.79,275662816.0
000001,上证指数,2021-01-14 09:45:00,3581.6,3581.9,3576.57,3577.62,263272304.0
000001,上证指数,2021-01-14 09:50:00,3577.88,3586.99,3577.88,3582.62,253460528.0
000001,上证指数,2021-01-14 09:55:00,3582.26,3582.26,3578.99,3579.92,255065184.0
000001,上证指数,2021-01-14 10:00:00,3579.43,3589.89,3579.43,3589.54,213688784.0
000001,上证指数,2021-01-14 10:05:00,3589.81,3589.81,3573.31,3573.31,181716880.0
000001,上证指数,2021-01-14 10:10:00,3572.55,3573.48,3567.11,3567.69,172276256.0
000001,上证指数,2021-01-14 10:15:00,3567.4,3575.92,3565.5,3575.92,129917224.0
000001,上证指数,2021-01-14 10:20:00,3575.98,3575.98,3569.07,3572.38,106025912.0
000001,上证指数,2021-01-14 10:25:00,3573.2,3580.05,3573.2,3579.31,99139392.0
000001,上证指数,2021-01-14 10:30:00,3579.94,3582.88,3577.53,3577.53,99369264.0
000001,上证指数,2021-01-14 10:35:00,3577.11,3586.01,3577.11,3585.47,92743568.0
000001,上证指数,2021-01-14 10:40:00,3585.77,3588.72,3582.63,3588.72,85111736.0
000001,上证指数,2021-01-14 10:45:00,3588.37,3594.24,3588.37,3594.13,86378384.0
000001,上证指数,2021-01-14 10:50:00,3594.7,3594.7,3587.26,3587.76,72695944.0
000001,上证指数,2021-01-14 10:55:00,3587.37,3594.65,3585.66,3594.65,71825464.0
000001,上证指数,2021-01-14 11:00:00,3594.9,3598.4,3593.13,3596.49,76939888.0
000001,上证指数,2021-01-14 11:05:00,3596.55,3598.98,3593.72,3594.12,74573384.0
000001,上证指数,2021-01-14 11:10:00,3594.35,3596.06,3588.48,3588.48,85605712.0
000001,上证指数,2021-01-14 11:15:00,3587.94,3589.73,3585.8,3588.16,76719688.0
000001,上证指数,2021-01-14 11:20:00,3587.68,3594.36,3585.93,3593.68,73005760.0
000001,上证指数,2021-01-14 11:25:00,3593.64,3595.82,3590.95,3591.05,65908872.0
000001,上证指数,2021-01-14 11:30:00,3591.08,3591.61,3587.99,3588.28,57726044.0
000001,上证指数,2021-01-14 13:05:00,3588.11,3589.07,3583.33,3583.39,91152024.0
000001,上证指数,2021-01-14 13:10:00,3583.83,3588.33,3583.04,3587.66,71670472.0
000001,上证指数,2021-01-14 13:15:00,3588.18,3588.18,3580.16,3582.85,81638496.0
000001,上证指数,2021-01-14 13:20:00,3583.09,3583.09,3578.84,3582.05,75109144.0
000001,上证指数,2021-01-14 13:25:00,3582.03,3584.65,3579.74,3579.74,65036260.0
000001,上证指数,2021-01-14 13:30:00,3580.44,3580.49,3577.36,3579.55,66876184.0
000001,上证指数,2021-01-14 13:35:00,3579.09,3584.65,3578.38,3582.07,71445352.0
000001,上证指数,2021-01-14 13:40:00,3581.96,3585.65,3581.56,3584.8,60628308.0
000001,上证指数,2021-01-14 13:45:00,3585.18,3585.18,3576.53,3577.21,63648532.0
000001,上证指数,2021-01-14 13:50:00,3576.61,3585.86,3576.28,3585.86,67798608.0
000001,上证指数,2021-01-14 13:55:00,3585.4,3588.93,3585.21,3588.79,60259344.0
000001,上证指数,2021-01-14 14:00:00,3588.86,3591.0,3587.8,3587.8,58137284.0
000001,上证指数,2021-01-14 14:05:00,3587.6,3590.12,3586.3,3586.45,55455228.0
000001,上证指数,2021-01-14 14:10:00,3586.4,3586.4,3581.68,3581.68,60364856.0
000001,上证指数,2021-01-14 14:15:00,3582.15,3584.5,3578.87,3578.87,56970740.0
000001,上证指数,2021-01-14 14:20:00,3578.35,3578.91,3575.0,3575.96,67333624.0
000001,上证指数,2021-01-14 14:25:00,3575.97,3576.74,3569.34,3569.34,65406868.0
000001,上证指数,2021-01-14 14:30:00,3569.38,3569.38,3562.94,3562.94,90428840.0
000001,上证指数,2021-01-14 14:35:00,3562.8,3567.58,3562.09,3566.25,73874776.0
000001,上证指数,2021-01-14 14:40:00,3566.57,3570.9,3566.05,3569.52,66534744.0
000001,上证指数,2021-01-14 14:45:00,3569.47,3569.47,3559.66,3560.15,91425648.0
000001,上证指数,2021-01-14 14:50:00,3560.32,3564.42,3559.6,3560.73,90457344.0
000001,上证指数,2021-01-14 14:55:00,3560.86,3564.69,3560.51,3563.12,112509888.0
000001,上证指数,2021-01-14 15:00:00,3562.67,3566.19,3562.67,3565.9,108526944.0
399001,深证成指,2021-01-13 09:35:00,15491.07,15522.79,15457.309,15515.299,577345536.0
399001,深证成指,2021-01-13 09:40:00,15517.839,15566.169,15517.839,15547.079,380249792.0
399001,深证成指,2021-01-13 09:45:00,15549.489,15550.169,15489.459,15504.449,330297600.0
399001,深证成指,2021-01-13 09:50:00,15504.229,15544.878,15492.008,15544.878,271809600.0
399001,深证成指,2021-01-13 09:55:00,15544.778,15571.288,15523.898,15541.548,248417120.0
399001,深证成指,2021-01-13 10:00:00,15543.368,15578.048,15542.898,15578.048,220932128.0
399001,深证成指,2021-01-13 10:05:00,15578.149,15597.968,15552.808,15552.808,225627952.0
399001,深证成指,2021-01-13 10:10:00,15552.479,15552.479,15481.208,15493.008,221651872.0
399001,深证成指,2021-01-13 10:15:00,15492.428,15512.018,15470.088,15512.018,184042576.0
399001,深证成指,2021-01-13 10:20:00,15513.298,15513.399,15469.238,15469.689,161866656.0
399001,深证成指,2021-01-13 10:25:00,15469.848,15493.578,15411.609,15411.609,171613168.0
399001,深证成指,2021-01-13 10:30:00,15409.348,15439.798,15400.598,15431.088,147360928.0
399001,深证成指,2021-01-13 10:35:00,15431.308,15446.619,15416.708,15442.208,133478104.0
399001,深证成指,2021-01-13 10:40:00,15443.748,15443.748,15406.038,15431.498,121148160.0
399001,深证成指,2021-01-13 10:45:00,15431.768,15456.918,15431.768,15456.918,117848096.0
399001,深证成指,2021-01-13 10:50:00,15457.698,15463.248,15435.568,15444.738,112451208.0
399001,深证成指,2021-01-13 10:55:00,15444.358,15462.337,15419.208,15419.208,110174160.0
399001,深证成指,2021-01-13 11:00:00,15418.498,15422.198,15393.678,15422.128,101669880.0
399001,深证成指,2021-01-13 11:05:00,15423.258,15493.098,15418.268,15492.888,95226384.0
399001,深证成指,2021-01-13 11:10:00,15493.498,15502.188,15487.238,15499.608,87255888.0
399001,深证成指,2021-01-13 11:15:00,15500.488,15517.418,15492.998,15516.088,88600040.0
399001,深证成指,2021-01-13 11:20:00,15516.359,15517.588,15491.768,15497.919,80785528.0
399001,深证成指,2021-01-13 11:25:00,15501.339,15502.409,15438.19,15444.009,107591064.0
399001,深证成指,2021-01-13 11:30:00,15444.719,15446.099,15433.259,15444.139,71761216.0
399001,深证成指,2021-01-13 13:05:00,15444.639,15453.499,15402.2,15402.2,109297624.0
399001,深证成指,2021-01-13 13:10:00,15402.58,15442.09,15402.09,15442.09,89117120.0
399001,深证成指,2021-01-13 13:15:00,15443.151,15453.331,15425.361,15427.02,87783456.0
399001,深证成指,2021-01-13 13:20:00,15425.981,15426.121,15377.18,15377.84,105898272.0
399001,深证成指,2021-01-13 13:25:00,15377.08,15382.37,15357.769,15358.28,110279344.0
399001,深证成指,2021-01-13 13:30:00,15357.009,15357.009,15300.089,15312.659,135106016.0
399001,深证成指,2021-01-13 13:35:00,15313.479,15315.999,15250.369,15265.119,142341520.0
399001,深证成指,2021-01-13 13:40:00,15265.039,15277.449,15252.569,15260.029,117209784.0
399001,深证成指,2021-01-13 13:45:00,15259.629,15319.94,15259.209,15286.65,97402832.0
399001,深证成指,2021-01-13 13:50:00,15285.12,15285.98,15241.5,15241.5,88373936.0
399001,深证成指,2021-01-13 13:55:00,15241.41,15292.04,15240.9,15285.49,86071328.0
399001,深证成指,2021-01-13 14:00:00,15285.98,15311.629,15285.45,15302.849,75576064.0
399001,深证成指,2021-01-13 14:05:00,15301.82,15320.889,15277.32,15320.889,88286776.0
399001,深证成指,2021-01-13 14:10:00,15321.219,15341.48,15321.219,15334.999,76637088.0
399001,深证成指,2021-01-13 14:15:00,15335.219,15379.089,15335.219,15368.669,85631256.0
399001,深证成指,2021-01-13 14:20:00,15367.169,15367.169,15342.659,15342.659,76797008.0
399001,深证成指,2021-01-13 14:25:00,15341.399,15341.399,15317.109,15334.098,79040304.0
399001,深证成指,2021-01-13 14:30:00,15334.838,15347.998,15330.278,15341.128,76724912.0
399001,深证成指,2021-01-13 14:35:00,15339.689,15340.258,15294.619,15294.659,98345896.0
399001,深证成指,2021-01-13 14:40:00,15293.469,15306.769,15279.86,15306.769,111966240.0
399001,深证成指,2021-01-13 14:45:00,15305.91,15316.18,15305.91,15313.389,94884944.0
399001,深证成指,2021-01-13 14:50:00,15312.769,15335.73,15312.4,15335.73,111664776.0
399001,深证成指,2021-01-13 14:55:00,15336.719,15346.809,15334.549,15346.809,138107888.0
399001,深证成指,2021-01-13 15:00:00,15346.82,15365.429,15346.54,15365.429,145207440.0
399001,深证成指,2021-01-14 09:35:00,15283.559,15318.499,15254.039,15315.639,459046304.0
399001,深证成指,2021-01-14 09:40:00,15316.049,15354.119,15284.419,15284.419,309895872.0
399001,深证成指,2021-01-14 09:45:00,15281.529,15281.529,15200.229,15202.879,333619136.0
399001,深证成指,2021-01-14 09:50:00,15205.879,15257.299,15151.049,15151.049,280411296.0
399001,深证成指,2021-01-14 09:55:00,15149.589,15152.779,15098.48,15099.079,272624960.0
399001,深证成指,2021-01-14 10:00:00,15099.649,15156.859,15093.468,15156.739,230171888.0
399001,深证成指,2021-01-14 10:05:00,15157.189,15158.479,15068.348,15068.348,211760368.0
399001,深证成指,2021-01-14 10:10:00,15067.078,15083.038,15033.468,15041.718,210895952.0
399001,深证成指,2021-01-14 10:15:00,15039.878,15148.458,15038.258,15148.458,156140784.0
399001,深证成指,2021-01-14 10:20:00,15148.028,15151.097,15118.887,15151.097,130255376.0
399001,深证成指,2021-01-14 10:25:00,15152.667,15199.847,15152.667,15199.487,133177624.0
399001,深证成指,2021-01-14 10:30:00,15201.247,15224.637,15195.427,15195.607,126116608.0
399001,深证成指,2021-01-14 10:35:00,15195.037,15270.007,15194.107,15266.766,130578464.0
399001,深证成指,2021-01-14 10:40:00,15267.987,15278.596,15249.667,15278.337,113441784.0
399001,深证成指,2021-01-14 10:45:00,15277.467,15305.637,15277.467,15303.478,115651008.0
399001,深证成指,2021-01-14 10:50:00,15302.767,15302.767,15256.948,15257.007,93263912.0
399001,深证成指,2021-01-14 10:55:00,15255.778,15307.608,15252.757,15307.608,85647312.0
399001,深证成指,2021-01-14 11:00:00,15308.467,15327.818,15299.337,15315.637,93932048.0
399001,深证成指,2021-01-14 11:05:00,15315.978,15328.408,15304.417,15304.908,88624280.0
399001,深证成指,2021-01-14 11:10:00,15304.958,15309.729,15267.568,15267.568,92279880.0
399001,深证成指,2021-01-14 11:15:00,15265.507,15279.507,15255.717,15264.157,84204536.0
399001,深证成指,2021-01-14 11:20:00,15265.577,15284.317,15251.577,15281.397,80805840.0
399001,深证成指,2021-01-14 11:25:00,15282.067,15292.617,15265.407,15265.407,79050792.0
399001,深证成指,2021-01-14 11:30:00,15264.677,15264.717,15237.297,15239.608,67317224.0
399001,深证成指,2021-01-14 13:05:00,15239.618,15244.458,15192.318,15193.218,102985840.0
399001,深证成指,2021-01-14 13:10:00,15192.588,15222.258,15190.988,15212.318,75523640.0
399001,深证成指,2021-01-14 13:15:00,15212.528,15212.898,15170.887,15192.618,82512072.0
399001,深证成指,2021-01-14 13:20:00,15195.788,15195.808,15163.578,15180.017,79606528.0
399001,深证成指,2021-01-14 13:25:00,15180.688,15193.507,15163.538,15163.538,75062920.0
399001,深证成指,2021-01-14 13:30:00,15163.968,15163.968,15144.998,15155.298,79250344.0
399001,深证成指,2021-01-14 13:35:00,15156.738,15192.068,15154.938,15170.918,79629464.0
399001,深证成指,2021-01-14 13:40:00,15170.258,15190.229,15169.149,15188.248,66556344.0
399001,深证成指,2021-01-14 13:45:00,15188.838,15188.838,15152.508,15153.158,71096352.0
399001,深证成指,2021-01-14 13:50:00,15152.468,15198.848,15150.178,15198.698,71173360.0
399001,深证成指,2021-01-14 13:55:00,15198.748,15211.908,15198.748,15210.158,67284784.0
399001,深证成指,2021-01-14 14:00:00,15210.228,15223.038,15204.788,15205.328,68985112.0
399001,深证成指,2021-01-14 14:05:00,15204.648,15217.597,15199.618,15204.658,68244224.0
399001,深证成指,2021-01-14 14:10:00,15204.508,15204.508,15177.359,15177.738,75505624.0
399001,深证成指,2021-01-14 14:15:00,15178.658,15192.578,15162.588,15162.588,76542072.0
399001,深证成指,2021-01-14 14:20:00,15162.308,15162.308,15137.119,15142.258,89312744.0
399001,深证成指,2021-01-14 14:25:00,15143.338,15145.828,15106.878,15106.878,82438664.0
399001,深证成指,2021-01-14 14:30:00,15106.678,15106.678,15069.819,15069.819,113735384.0
399001,深证成指,2021-01-14 14:35:00,15067.899,15102.979,15064.729,15098.149,91303720.0
399001,深证成指,2021-01-14 14:40:00,15098.598,15122.468,15098.598,15107.008,86180120.0
399001,深证成指,2021-01-14 14:45:00,15106.668,15106.668,15047.138,15047.868,119711936.0
399001,深证成指,2021-01-14 14:50:00,15047.178,15072.558,15046.399,15058.989,114653872.0
399001,深证成指,2021-01-14 14:55:00,15057.529,15072.629,15055.899,15059.359,146695728.0
399001,深证成指,2021-01-14 15:00:00,15059.018,15072.239,15058.878,15070.128,138020112.0
399006,创业板指,2021-01-13 09:35:00,3180.75,3193.35,3177.5,3186.86,160382304.0
399006,创业板指,2021-01-13 09:40:00,3187.71,3207.07,3187.71,3202.97,126910112.0
399006,创业板指,2021-01-13 09:45:00,3202.79,3204.11,3179.41,3180.91,106914624.0
399006,创业板指,2021-01-13 09:50:00,3181.42,3199.13,3179.96,3199.13,86402200.0
399006,创业板指,2021-01-13 09:55:00,3199.11,3200.39,3191.31,3191.72,79689424.0
399006,创业板指,2021-01-13 10:00:00,3191.99,3199.0,3189.9,3199.0,71381104.0
399006,创业板指,2021-01-13 10:05:00,3199.16,3203.05,3192.01,3192.01,76052720.0
399006,创业板指,2021-01-13 10:10:00,3192.31,3192.31,3174.08,3174.08,76533712.0
399006,创业板指,2021-01-13 10:15:00,3173.78,3177.87,3168.32,3177.87,62531376.0
399006,创业板指,2021-01-13 10:20:00,3177.95,3177.95,3166.3,3167.3,54866768.0
399006,创业板指,2021-01-13 10:25:00,3167.54,3175.73,3158.74,3158.81,57610356.0
399006,创业板指,2021-01-13 10:30:00,3158.26,3165.28,3156.46,3161.99,47784136.0
399006,创业板指,2021-01-13 10:35:00,3161.87,3161.87,3150.41,3160.51,50581208.0
399006,创业板指,2021-01-13 10:40:00,3161.12,3161.12,3152.73,3159.72,39294352.0
399006,创业板指,2021-01-13 10:45:00,3159.69,3166.21,3159.69,3162.88,38016568.0
399006,创业板指,2021-01-13 10:50:00,3162.92,3163.72,3153.93,3157.29,38412732.0
399006,创业板指,2021-01-13 10:55:00,3157.33,3159.31,3146.68,3146.68,36978800.0
399006,创业板指,2021-01-13 11:00:00,3146.42,3149.4,3141.05,3149.4,35220468.0
399006,创业板指,2021-01-13 11:05:00,3148.84,3168.16,3146.84,3168.16,30783852.0
399006,创业板指,2021-01-13 11:10:00,3168.05,3169.92,3165.58,3168.83,30574704.0
399006,创业板指,2021-01-13 11:15:00,3168.54,3174.21,3165.78,3173.97,29445280.0
399006,创业板指,2021-01-13 11:20:00,3173.94,3174.79,3166.96,3170.17,27935988.0
399006,创业板指,2021-01-13 11:25:00,3170.24,3171.15,3154.07,3155.82,36253484.0
399006,创业板指,2021-01-13 11:30:00,3155.93,3156.3,3151.42,3154.06,24882332.0
399006,创业板指,2021-01-13 13:05:00,3154.52,3155.34,3141.63,3141.89,33496220.0
399006,创业板指,2021-01-13 13:10:00,3141.59,3152.49,3140.73,3152.49,29875516.0
399006,创业板指,2021-01-13 13:15:00,3152.55,3155.36,3147.1,3147.24,27697426.0
399006,创业板指,2021-01-13 13:20:00,3147.1,3147.16,3134.01,3134.03,35479836.0
399006,创业板指,2021-01-13 13:25:00,3133.64,3135.69,3130.41,3130.82,37240784.0
399006,创业板指,2021-01-13 13:30:00,3130.08,3130.09,3115.82,3120.14,48609144.0
399006,创业板指,2021-01-13 13:35:00,3118.93,3120.96,3101.71,3105.11,50988924.0
399006,创业板指,2021-01-13 13:40:00,3105.02,3106.37,3101.76,3103.3,40473352.0
399006,创业板指,2021-01-13 13:45:00,3103.34,3119.85,3102.93,3110.44,33549140.0
399006,创业板指,2021-01-13 13:50:00,3110.37,3110.37,3100.07,3100.07,28993900.0
399006,创业板指,2021-01-13 13:55:00,3100.31,3113.98,3100.18,3111.3,28321008.0
399006,创业板指,2021-01-13 14:00:00,3111.61,3116.14,3111.22,3111.97,23940910.0
399006,创业板指,2021-01-13 14:05:00,3112.07,3119.86,3105.52,3119.86,27950238.0
399006,创业板指,2021-01-13 14:10:00,3119.67,3123.77,3119.65,3121.43,25352062.0
399006,创业板指,2021-01-13 14:15:00,3121.27,3134.09,3121.24,3131.02,28617560.0
399006,创业板指,2021-01-13 14:20:00,3130.75,3130.75,3121.67,3121.83,26644100.0
399006,创业板指,2021-01-13 14:25:00,3121.7,3121.7,3116.47,3121.09,28555954.0
399006,创业板指,2021-01-13 14:30:00,3121.31,3124.37,3119.24,3122.19,26304134.0
399006,创业板指,2021-01-13 14:35:00,3121.95,3122.83,3110.31,3110.81,33351064.0
399006,创业板指,2021-01-13 14:40:00,3110.59,3114.99,3107.86,3114.99,37638424.0
399006,创业板指,2021-01-13 14:45:00,3114.92,3116.96,3114.52,3114.89,31198852.0
399006,创业板指,2021-01-13 14:50:00,3115.13,3123.92,3114.91,3123.88,38554948.0
399006,创业板指,2021-01-13 14:55:00,3124.74,3127.6,3124.29,3127.49,49703276.0
399006,创业板指,2021-01-13 15:00:00,3127.46,3130.46,3127.38,3130.3,51326300.0
399006,创业板指,2021-01-14 09:35:00,3101.96,3116.57,3097.16,3114.82,139702336.0
399006,创业板指,2021-01-14 09:40:00,3116.06,3128.23,3112.2,3112.71,99767264.0
399006,创业板指,2021-01-14 09:45:00,3111.48,3112.53,3096.21,3098.91,109926760.0
399006,创业板指,2021-01-14 09:50:00,3100.01,3109.11,3081.75,3081.75,90450320.0
399006,创业板指,2021-01-14 09:55:00,3081.4,3084.43,3069.77,3069.89,85973472.0
399006,创业板指,2021-01-14 10:00:00,3070.53,3085.58,3066.61,3085.58,71728368.0
399006,创业板指,2021-01-14 10:05:00,3086.26,3087.39,3067.34,3067.45,67243696.0
399006,创业板指,2021-01-14 10:10:00,3067.67,3072.98,3061.02,3062.97,69131624.0
399006,创业板指,2021-01-14 10:15:00,3062.31,3093.71,3061.77,3093.47,55032248.0
399006,创业板指,2021-01-14 10:20:00,3093.31,3097.04,3089.06,3097.04,47384776.0
399006,创业板指,2021-01-14 10:25:00,3097.26,3110.61,3097.26,3109.62,46227904.0
399006,创业板指,2021-01-14 10:30:00,3110.32,3115.5,3104.14,3104.3,41379300.0
399006,创业板指,2021-01-14 10:35:00,3104.78,3127.8,3104.62,3126.76,41373976.0
399006,创业板指,2021-01-14 10:40:00,3126.83,3130.58,3122.95,3130.43,36711168.0
399006,创业板指,2021-01-14 10:45:00,3130.18,3136.77,3129.98,3133.4,40109048.0
399006,创业板指,2021-01-14 10:50:00,3133.22,3133.27,3123.34,3123.34,31513594.0
399006,创业板指,2021-01-14 10:55:00,3122.94,3136.74,3121.85,3136.74,28325508.0
399006,创业板指,2021-01-14 11:00:00,3137.59,3142.69,3134.81,3139.42,32990530.0
399006,创业板指,2021-01-14 11:05:00,3139.61,3142.85,3135.35,3136.43,32170596.0
399006,创业板指,2021-01-14 11:10:00,3135.94,3139.41,3127.4,3127.99,34265448.0
399006,创业板指,2021-01-14 11:15:00,3127.5,3131.52,3124.84,3125.6,30725196.0
399006,创业板指,2021-01-14 11:20:00,3126.43,3129.82,3122.43,3129.4,29382032.0
399006,创业板指,2021-01-14 11:25:00,3129.55,3132.72,3125.37,3125.59,28929508.0
399006,创业板指,2021-01-14 11:30:00,3125.57,3125.84,3117.76,3118.71,24028972.0
399006,创业板指,2021-01-14 13:05:00,3118.8,3119.4,3108.39,3108.63,33281996.0
399006,创业板指,2021-01-14 13:10:00,3108.68,3116.87,3108.11,3113.04,24271942.0
399006,创业板指,2021-01-14 13:15:00,3112.99,3113.12,3103.33,3109.06,27073452.0
399006,创业板指,2021-01-14 13:20:00,3109.91,3110.51,3104.33,3108.17,25392532.0
399006,创业板指,2021-01-14 13:25:00,3108.05,3112.09,3104.29,3104.29,25353378.0
399006,创业板指,2021-01-14 13:30:00,3104.32,3104.36,3101.13,3103.21,27266860.0
399006,创业板指,2021-01-14 13:35:00,3103.1,3111.8,3102.07,3107.66,27831286.0
399006,创业板指,2021-01-14 13:40:00,3106.94,3114.26,3106.48,3114.2,22727014.0
399006,创业板指,2021-01-14 13:45:00,3114.22,3114.38,3104.16,3104.47,22395572.0
399006,创业板指,2021-01-14 13:50:00,3104.18,3116.27,3103.51,3116.27,23596184.0
399006,创业板指,2021-01-14 13:55:00,3116.65,3119.84,3115.36,3118.84,23292100.0
399006,创业板指,2021-01-14 14:00:00,3118.47,3120.64,3116.33,3116.36,22364436.0
399006,创业板指,2021-01-14 14:05:00,3116.11,3120.31,3114.25,3116.58,22044466.0
399006,创业板指,2021-01-14 14:10:00,3117.06,3117.06,3108.72,3109.33,24476664.0
399006,创业板指,2021-01-14 14:15:00,3110.15,3114.61,3106.2,3106.2,23884548.0
399006,创业板指,2021-01-14 14:20:00,3106.29,3106.29,3100.55,3102.05,26877416.0
399006,创业板指,2021-01-14 14:25:00,3102.09,3103.18,3095.56,3095.56,25126128.0
399006,创业板指,2021-01-14 14:30:00,3095.82,3095.82,3088.25,3088.25,32264636.0
399006,创业板指,2021-01-14 14:35:00,3088.17,3095.85,3087.06,3094.95,29144300.0
399006,创业板指,2021-01-14 14:40:00,3095.07,3101.83,3095.07,3097.65,27512784.0
399006,创业板指,2021-01-14 14:45:00,3097.87,3097.98,3083.67,3084.09,37428868.0
399006,创业板指,2021-01-14 14:50:00,3083.94,3089.78,3083.94,3085.92,37309764.0
399006,创业板指,2021-01-14 14:55:00,3085.51,3089.7,3084.98,3086.95,47380840.0
399006,创业板指,2021-01-14 15:00:00,3086.89,3090.05,3086.64,3089.18,47573216.0
880381,白酒,2021-01-13 09:35:00,12020.93,12102.41,11916.83,11970.38,40841900.0
880381,白酒,2021-01-13 09:40:00,11984.71,12076.13,11981.08,12031.49,22772012.0
880381,白酒,2021-01-13 09:45:00,12030.849,12033.669,11996.219,11998.429,20537616.0
880381,白酒,2021-01-13 09:50:00,11998.389,11998.389,11942.519,11961.74,18498888.0
880381,白酒,2021-01-13 09:55:00,11959.96,12022.88,11943.57,12011.22,13166954.0
880381,白酒,2021-01-13 10:00:00,12009.821,12037.56,12002.491,12036.711,11680853.0
880381,白酒,2021-01-13 10:05:00,12035.741,12097.22,12035.741,12039.301,13811635.0
880381,白酒,2021-01-13 10:10:00,12036.851,12039.282,11989.681,12006.192,11110376.0
880381,白酒,2021-01-13 10:15:00,12006.721,12033.961,12006.641,12018.721,10343881.0
880381,白酒,2021-01-13 10:20:00,12018.081,12031.481,11949.691,11950.441,10675216.0
880381,白酒,2021-01-13 10:25:00,11950.371,11963.761,11906.361,11909.151,12961961.0
880381,白酒,2021-01-13 10:30:00,11903.68,11954.06,11894.111,11917.741,12381697.0
880381,白酒,2021-01-13 10:35:00,11925.411,11963.931,11909.111,11913.181,8224161.0
880381,白酒,2021-01-13 10:40:00,11913.501,11913.821,11890.651,11904.041,8089510.0
880381,白酒,2021-01-13 10:45:00,11903.751,11911.251,11874.831,11876.781,8235207.0
880381,白酒,2021-01-13 10:50:00,11877.43,11900.01,11874.031,11874.981,7935157.0
880381,白酒,2021-01-13 10:55:00,11875.501,11915.441,11873.901,11884.571,5484212.0
880381,白酒,2021-01-13 11:00:00,11883.451,11900.211,11873.511,11899.731,5129270.0
880381,白酒,2021-01-13 11:05:00,11899.041,11943.611,11886.411,11941.081,5106716.0
880381,白酒,2021-01-13 11:10:00,11941.231,11943.8,11909.731,11939.821,4818363.0
880381,白酒,2021-01-13 11:15:00,11939.321,11943.991,11927.72,11939.541,3891035.0
880381,白酒,2021-01-13 11:20:00,11942.741,11944.14,11904.581,11938.531,4788243.0
880381,白酒,2021-01-13 11:25:00,11936.39,11938.991,11896.92,11900.71,4870301.0
880381,白酒,2021-01-13 11:30:00,11901.44,11907.78,11896.94,11903.78,3949601.0
880381,白酒,2021-01-13 13:05:00,11902.559,11917.009,11885.69,11892.059,7713170.0
880381,白酒,2021-01-13 13:10:00,11887.559,11909.289,11885.549,11909.289,4880069.0
880381,白酒,2021-01-13 13:15:00,11911.049,11911.079,11879.199,11880.269,7174366.0
880381,白酒,2021-01-13 13:20:00,11885.599,11886.37,11863.419,11864.669,8563565.0
880381,白酒,2021-01-13 13:25:00,11864.829,11882.259,11863.439,11872.349,7784344.0
880381,白酒,2021-01-13 13:30:00,11874.2,11874.2,11823.74,11840.849,10114922.0
880381,白酒,2021-01-13 13:35:00,11844.099,11844.099,11791.339,11810.519,9690211.0
880381,白酒,2021-01-13 13:40:00,11807.679,11816.299,11783.619,11812.94,7742664.0
880381,白酒,2021-01-13 13:45:00,11813.45,11824.61,11797.019,11797.019,6358255.0
880381,白酒,2021-01-13 13:50:00,11795.559,11798.2,11767.82,11769.37,7818800.0
880381,白酒,2021-01-13 13:55:00,11770.59,11808.16,11769.08,11798.84,6884751.0
880381,白酒,2021-01-13 14:00:00,11799.66,11844.44,11794.21,11842.389,6938370.0
880381,白酒,2021-01-13 14:05:00,11843.999,11891.939,11831.059,11890.699,7287021.0
880381,白酒,2021-01-13 14:10:00,11889.619,11914.429,11888.159,11900.109,6786697.0
880381,白酒,2021-01-13 14:15:00,11901.779,11929.869,11901.779,11918.299,8172779.0
880381,白酒,2021-01-13 14:20:00,11914.23,11929.419,11895.959,11911.0,5737507.0
880381,白酒,2021-01-13 14:25:00,11911.47,11915.93,11891.781,11913.87,4222561.0
880381,白酒,2021-01-13 14:30:00,11913.83,11924.8,11897.44,11919.24,5438331.0
880381,白酒,2021-01-13 14:35:00,11918.94,11919.21,11895.599,11895.599,6111962.0
880381,白酒,2021-01-13 14:40:00,11894.389,11894.719,11876.9,11891.65,5748152.0
880381,白酒,2021-01-13 14:45:00,11894.61,11919.259,11892.019,11915.08,6499730.0
880381,白酒,2021-01-13 14:50:00,11914.34,11919.14,11900.18,11915.76,7269325.0
880381,白酒,2021-01-13 14:55:00,11915.31,11921.121,11903.281,11907.861,7765481.0
880381,白酒,2021-01-13 15:00:00,11918.741,11929.85,11915.881,11929.371,7652082.0
880381,白酒,2021-01-14 09:35:00,11876.35,11882.34,11815.64,11826.871,22578656.0
880381,白酒,2021-01-14 09:40:00,11829.091,11869.461,11772.711,11778.192,23479488.0
880381,白酒,2021-01-14 09:45:00,11771.152,11774.082,11655.002,11655.002,28795824.0
880381,白酒,2021-01-14 09:50:00,11655.452,11669.851,11607.601,11607.601,28044360.0
880381,白酒,2021-01-14 09:55:00,11608.601,11608.601,11546.032,11577.181,26941420.0
880381,白酒,2021-01-14 10:00:00,11575.561,11636.141,11553.372,11634.501,15874300.0
880381,白酒,2021-01-14 10:05:00,11633.641,11640.081,11568.341,11570.902,12006846.0
880381,白酒,2021-01-14 10:10:00,11572.902,11616.021,11572.902,11591.292,9811089.0
880381,白酒,2021-01-14 10:15:00,11582.802,11582.802,11554.162,11564.792,10116295.0
880381,白酒,2021-01-14 10:20:00,11564.732,11570.662,11539.362,11564.292,7743784.0
880381,白酒,2021-01-14 10:25:00,11567.172,11618.312,11562.932,11617.892,7861929.0
880381,白酒,2021-01-14 10:30:00,11618.663,11708.142,11617.583,11705.333,11179123.0
880381,白酒,2021-01-14 10:35:00,11705.573,11755.682,11705.363,11728.892,13998279.0
880381,白酒,2021-01-14 10:40:00,11728.222,11728.222,11678.792,11678.802,7201640.0
880381,白酒,2021-01-14 10:45:00,11683.682,11727.073,11680.733,11727.073,6085933.0
880381,白酒,2021-01-14 10:50:00,11729.403,11736.443,11703.522,11709.543,4379748.0
880381,白酒,2021-01-14 10:55:00,11705.673,11738.484,11687.403,11736.003,5008917.0
880381,白酒,2021-01-14 11:00:00,11735.163,11750.723,11706.352,11724.323,5064229.0
880381,白酒,2021-01-14 11:05:00,11724.823,11742.573,11693.743,11694.022,4548028.0
880381,白酒,2021-01-14 11:10:00,11693.392,11694.722,11677.483,11677.483,3775936.0
880381,白酒,2021-01-14 11:15:00,11669.392,11681.733,11645.302,11670.712,5681801.0
880381,白酒,2021-01-14 11:20:00,11669.282,11695.002,11664.402,11694.242,3753862.0
880381,白酒,2021-01-14 11:25:00,11694.471,11702.921,11677.831,11679.791,3129096.0
880381,白酒,2021-01-14 11:30:00,11684.971,11684.971,11653.201,11666.482,4102834.0
880381,白酒,2021-01-14 13:05:00,11666.202,11666.202,11603.362,11604.021,8006695.0
880381,白酒,2021-01-14 13:10:00,11603.372,11617.101,11591.572,11617.101,6578456.0
880381,白酒,2021-01-14 13:15:00,11617.261,11617.541,11560.501,11564.471,5897705.0
880381,白酒,2021-01-14 13:20:00,11563.652,11605.271,11563.652,11602.131,5121755.0
880381,白酒,2021-01-14 13:25:00,11604.021,11608.881,11574.032,11579.572,4673594.0
880381,白酒,2021-01-14 13:30:00,11575.692,11582.992,11564.862,11574.021,5891679.0
880381,白酒,2021-01-14 13:35:00,11572.362,11597.872,11564.782,11595.622,5612110.0
880381,白酒,2021-01-14 13:40:00,11596.642,11604.772,11588.042,11601.983,4059803.0
880381,白酒,2021-01-14 13:45:00,11603.153,11603.153,11585.243,11593.903,3773986.0
880381,白酒,2021-01-14 13:50:00,11593.983,11639.102,11570.562,11630.212,6983834.0
880381,白酒,2021-01-14 13:55:00,11629.332,11640.402,11617.602,11638.212,4543194.0
880381,白酒,2021-01-14 14:00:00,11638.752,11653.172,11636.442,11640.972,4175539.0
880381,白酒,2021-01-14 14:05:00,11641.132,11661.233,11632.592,11637.842,4749983.0
880381,白酒,2021-01-14 14:10:00,11637.822,11639.721,11627.172,11633.532,3588358.0
880381,白酒,2021-01-14 14:15:00,11632.962,11643.122,11632.322,11632.752,4585174.0
880381,白酒,2021-01-14 14:20:00,11632.212,11633.162,11625.102,11632.142,4778057.0
880381,白酒,2021-01-14 14:25:00,11632.993,11637.283,11616.013,11618.203,4724319.0
880381,白酒,2021-01-14 14:30:00,11616.903,11617.132,11578.762,11592.483,9994238.0
880381,白酒,2021-01-14 14:35:00,11588.602,11616.922,11585.852,11601.182,6121710.0
880381,白酒,2021-01-14 14:40:00,11599.943,11615.382,11586.443,11610.543,5378041.0
880381,白酒,2021-01-14 14:45:00,11609.873,11611.473,11569.022,11576.393,6151740.0
880381,白酒,2021-01-14 14:50:00,11573.284,11595.704,11569.484,11586.034,6641654.0
880381,白酒,2021-01-14 14:55:00,11585.723,11589.683,11573.853,11583.813,8554493.0
880381,白酒,2021-01-14 15:00:00,11583.753,11598.643,11569.863,11598.643,8818904.0
880471,银行,2021-01-13 09:35:00,2001.25,2004.22,1995.03,2003.68,16642997.0
880471,银行,2021-01-13 09:40:00,2003.09,2009.0,2001.65,2003.16,12598624.0
880471,银行,2021-01-13 09:45:00,2003.24,2004.39,1997.82,1999.26,10115553.0
880471,银行,2021-01-13 09:50:00,1999.18,2000.84,1996.5,1999.31,7364750.0
880471,银行,2021-01-13 09:55:00,1998.96,2002.95,1997.65,1998.48,6411813.0
880471,银行,2021-01-13 10:00:00,2000.02,2004.14,1998.1,2004.14,6379501.0
880471,银行,2021-01-13 10:05:00,2003.47,2003.47,1997.0,1998.52,7340827.0
880471,银行,2021-01-13 10:10:00,1996.78,1999.32,1995.11,1999.32,6241144.0
880471,银行,2021-01-13 10:15:00,1998.55,2001.59,1996.55,2000.8,4619526.0
880471,银行,2021-01-13 10:20:00,2001.69,2002.59,1997.15,1997.83,5020272.0
880471,银行,2021-01-13 10:25:00,1999.58,2000.4,1994.97,1995.21,4786680.0
880471,银行,2021-01-13 10:30:00,1994.96,1997.14,1993.63,1996.05,5019777.0
880471,银行,2021-01-13 10:35:00,1996.74,1996.74,1991.64,1992.36,3899538.0
880471,银行,2021-01-13 10:40:00,1991.57,1996.26,1991.01,1994.41,3554001.0
880471,银行,2021-01-13 10:45:00,1994.6,1999.34,1993.52,1996.85,3324519.0
880471,银行,2021-01-13 10:50:00,1997.13,1999.96,1996.3,1998.34,3494384.0
880471,银行,2021-01-13 10:55:00,2000.01,2000.74,1997.41,1998.61,2963409.0
880471,银行,2021-01-13 11:00:00,2000.04,2000.17,1996.24,1997.46,2856612.0
880471,银行,2021-01-13 11:05:00,1999.29,2004.23,1996.66,2003.38,4381543.0
880471,银行,2021-01-13 11:10:00,2003.24,2005.84,2001.99,2005.13,3683225.0
880471,银行,2021-01-13 11:15:00,2004.47,2006.29,2001.91,2003.7,2787095.0
880471,银行,2021-01-13 11:20:00,2004.39,2005.82,2002.0,2004.4,2308626.0
880471,银行,2021-01-13 11:25:00,2005.24,2005.51,2000.06,2002.24,2721081.0
880471,银行,2021-01-13 11:30:00,2002.88,2003.81,1999.85,2002.22,2311908.0
880471,银行,2021-01-13 13:05:00,2002.44,2005.53,2000.64,2004.15,4402587.0
880471,银行,2021-01-13 13:10:00,2003.35,2006.43,2002.58,2005.06,2701923.0
880471,银行,2021-01-13 13:15:00,2006.88,2011.77,2004.14,2009.77,9222781.0
880471,银行,2021-01-13 13:20:00,2010.47,2011.38,2004.7,2007.03,3832817.0
880471,银行,2021-01-13 13:25:00,2006.1,2007.38,2004.64,2006.99,3196983.0
880471,银行,2021-01-13 13:30:00,2008.23,2011.1,2005.67,2008.86,5625873.0
880471,银行,2021-01-13 13:35:00,2009.68,2009.77,2005.03,2008.07,4028831.0
880471,银行,2021-01-13 13:40:00,2007.46,2009.36,2004.15,2005.62,3746092.0
880471,银行,2021-01-13 13:45:00,2005.14,2008.35,2003.57,2004.92,3290848.0
880471,银行,2021-01-13 13:50:00,2004.17,2006.11,1998.64,2000.56,4305895.0
880471,银行,2021-01-13 13:55:00,1999.03,2003.14,1998.8,2000.78,3188509.0
880471,银行,2021-01-13 14:00:00,2000.3,2002.99,1999.03,2002.16,2765759.0
880471,银行,2021-01-13 14:05:00,2001.1,2003.59,1999.01,2002.21,3116496.0
880471,银行,2021-01-13 14:10:00,2002.24,2004.32,2000.54,2001.59,2824761.0
880471,银行,2021-01-13 14:15:00,2004.11,2004.18,1999.82,2001.12,3080450.0
880471,银行,2021-01-13 14:20:00,2001.11,2004.57,1999.9,2001.7,2439609.0
880471,银行,2021-01-13 14:25:00,2002.3,2002.95,1999.35,2001.83,3031789.0
880471,银行,2021-01-13 14:30:00,2002.84,2006.94,2000.69,2005.01,3476698.0
880471,银行,2021-01-13 14:35:00,2004.58,2005.31,2001.1,2001.1,3408255.0
880471,银行,2021-01-13 14:40:00,2002.68,2003.59,2000.53,2003.39,3669778.0
880471,银行,2021-01-13 14:45:00,2004.32,2005.91,2001.3,2004.24,3371989.0
880471,银行,2021-01-13 14:50:00,2004.78,2007.01,2001.62,2006.47,4077499.0
880471,银行,2021-01-13 14:55:00,2005.04,2008.06,2004.51,2008.06,4543647.0
880471,银行,2021-01-13 15:00:00,2008.03,2009.03,2005.89,2007.36,5511328.0
880471,银行,2021-01-14 09:35:00,2005.94,2006.99,2002.84,2004.93,10293260.0
880471,银行,2021-01-14 09:40:00,2003.71,2004.98,2000.32,2000.56,7107956.0
880471,银行,2021-01-14 09:45:00,2000.37,2013.54,2000.37,2012.41,9974752.0
880471,银行,2021-01-14 09:50:00,2011.78,2017.61,2009.97,2014.34,14002184.0
880471,银行,2021-01-14 09:55:00,2014.26,2026.21,2013.63,2025.01,14461376.0
880471,银行,2021-01-14 10:00:00,2025.33,2034.72,2024.88,2033.29,18711716.0
880471,银行,2021-01-14 10:05:00,2032.83,2034.0,2026.32,2027.25,11733131.0
880471,银行,2021-01-14 10:10:00,2026.26,2028.82,2021.69,2022.56,8703550.0
880471,银行,2021-01-14 10:15:00,2021.84,2021.84,2016.54,2017.31,8688251.0
880471,银行,2021-01-14 10:20:00,2017.67,2019.32,2015.64,2017.45,4891141.0
880471,银行,2021-01-14 10:25:00,2017.22,2022.11,2016.18,2017.43,5058552.0
880471,银行,2021-01-14 10:30:00,2018.36,2018.36,2010.0,2011.27,5840788.0
880471,银行,2021-01-14 10:35:00,2010.4,2011.89,2007.73,2009.97,3991405.0
880471,银行,2021-01-14 10:40:00,2007.29,2010.1,2004.26,2006.89,5406578.0
880471,银行,2021-01-14 10:45:00,2007.25,2009.75,2005.78,2007.75,3869360.0
880471,银行,2021-01-14 10:50:00,2008.04,2008.72,2005.21,2006.91,3413577.0
880471,银行,2021-01-14 10:55:00,2006.52,2008.55,2004.61,2007.32,2518374.0
880471,银行,2021-01-14 11:00:00,2007.09,2008.65,2005.06,2007.39,3110501.0
880471,银行,2021-01-14 11:05:00,2008.13,2009.5,2005.68,2006.48,2289334.0
880471,银行,2021-01-14 11:10:00,2007.33,2009.28,2004.63,2004.63,2531528.0
880471,银行,2021-01-14 11:15:00,2005.18,2005.89,2002.97,2005.73,3731593.0
880471,银行,2021-01-14 11:20:00,2003.26,2007.96,2002.72,2006.0,2452457.0
880471,银行,2021-01-14 11:25:00,2005.77,2009.59,2005.7,2008.14,2004485.0
880471,银行,2021-01-14 11:30:00,2008.17,2009.1,2006.1,2008.79,1912125.0
880471,银行,2021-01-14 13:05:00,2008.91,2011.33,2007.09,2010.55,3144224.0
880471,银行,2021-01-14 13:10:00,2010.27,2014.24,2009.68,2013.51,2951592.0
880471,银行,2021-01-14 13:15:00,2014.33,2015.74,2010.72,2010.88,2804998.0
880471,银行,2021-01-14 13:20:00,2013.34,2014.82,2010.45,2012.34,2888187.0
880471,银行,2021-01-14 13:25:00,2012.61,2014.26,2010.61,2012.64,2139694.0
880471,银行,2021-01-14 13:30:00,2012.26,2014.21,2009.98,2012.65,2198397.0
880471,银行,2021-01-14 13:35:00,2013.06,2016.15,2011.05,2011.36,2790807.0
880471,银行,2021-01-14 13:40:00,2011.56,2014.49,2011.02,2012.41,2518150.0
880471,银行,2021-01-14 13:45:00,2013.89,2014.57,2009.54,2011.62,2556782.0
880471,银行,2021-01-14 13:50:00,2010.85,2015.23,2009.97,2012.19,2940823.0
880471,银行,2021-01-14 13:55:00,2013.3,2015.07,2011.77,2015.07,2113083.0
880471,银行,2021-01-14 14:00:00,2014.56,2015.89,2010.65,2012.91,2282659.0
880471,银行,2021-01-14 14:05:00,2012.82,2014.39,2010.59,2011.02,2270507.0
880471,银行,2021-01-14 14:10:00,2011.44,2012.86,2009.3,2011.45,3475386.0
880471,银行,2021-01-14 14:15:00,2011.29,2013.24,2009.67,2011.0,2830964.0
880471,银行,2021-01-14 14:20:00,2009.47,2011.75,2007.42,2010.13,3387306.0
880471,银行,2021-01-14 14:25:00,2010.5,2011.54,2006.14,2006.64,2798638.0
880471,银行,2021-01-14 14:30:00,2006.69,2007.64,2001.94,2002.61,4398217.0
880471,银行,2021-01-14 14:35:00,2001.93,2004.71,2000.74,2001.81,4639374.0
880471,银行,2021-01-14 14:40:00,2002.62,2004.55,2001.64,2002.25,3470928.0
880471,银行,2021-01-14 14:45:00,2003.88,2006.46,2001.96,2003.54,3746751.0
880471,银行,2021-01-14 14:50:00,2004.88,2007.02,2002.11,2004.37,4396213.0
880471,银行,2021-01-14 14:55:00,2004.57,2007.73,2002.93,2005.42,4055009.0
880471,银行,2021-01-14 15:00:00,2005.4,2009.98,2004.46,2008.44,5447239.0
880472,证券,2021-01-13 09:35:00,1792.04,1798.97,1784.28,1798.54,85927232.0
880472,证券,2021-01-13 09:40:00,1798.83,1806.0,1796.68,1797.25,64971128.0
880472,证券,2021-01-13 09:45:00,1797.01,1797.01,1784.77,1787.49,46326040.0
880472,证券,2021-01-13 09:50:00,1788.02,1789.67,1784.39,1789.27,31771008.0
880472,证券,2021-01-13 09:55:00,1789.19,1800.92,1789.19,1795.01,26961564.0
880472,证券,2021-01-13 10:00:00,1794.93,1796.26,1787.99,1788.28,20947696.0
880472,证券,2021-01-13 10:05:00,1788.33,1790.03,1784.32,1788.72,28270176.0
880472,证券,2021-01-13 10:10:00,1788.41,1789.48,1776.95,1777.7,31447584.0
880472,证券,2021-01-13 10:15:00,1777.72,1777.96,1769.2,1773.39,28044686.0
880472,证券,2021-01-13 10:20:00,1773.59,1776.01,1767.76,1767.76,16515231.0
880472,证券,2021-01-13 10:25:00,1767.46,1768.77,1763.72,1765.25,21722350.0
880472,证券,2021-01-13 10:30:00,1765.01,1772.24,1761.77,1771.81,16575280.0
880472,证券,2021-01-13 10:35:00,1771.41,1772.43,1768.27,1770.92,10770220.0
880472,证券,2021-01-13 10:40:00,1771.15,1773.86,1767.26,1773.86,9426693.0
880472,证券,2021-01-13 10:45:00,1774.1,1779.78,1773.79,1776.52,12125053.0
880472,证券,2021-01-13 10:50:00,1776.78,1782.2,1776.78,1777.48,10396954.0
880472,证券,2021-01-13 10:55:00,1777.87,1778.4,1773.92,1773.92,8469622.0
880472,证券,2021-01-13 11:00:00,1773.97,1773.97,1767.59,1771.83,9321752.0
880472,证券,2021-01-13 11:05:00,1772.46,1783.37,1771.93,1783.37,8384623.0
880472,证券,2021-01-13 11:10:00,1783.31,1790.61,1781.63,1789.89,15386420.0
880472,证券,2021-01-13 11:15:00,1789.66,1790.09,1783.68,1790.09,10968877.0
880472,证券,2021-01-13 11:20:00,1790.06,1792.92,1785.24,1786.07,14546367.0
880472,证券,2021-01-13 11:25:00,1785.78,1787.24,1776.91,1778.19,10293566.0
880472,证券,2021-01-13 11:30:00,1778.05,1779.2,1776.71,1778.8,6208423.0
880472,证券,2021-01-13 13:05:00,1779.03,1780.4,1773.18,1773.35,9968507.0
880472,证券,2021-01-13 13:10:00,1773.37,1777.74,1772.98,1777.74,6772322.0
880472,证券,2021-01-13 13:15:00,1777.54,1779.75,1776.23,1776.23,6749419.0
880472,证券,2021-01-13 13:20:00,1776.23,1776.23,1768.04,1768.64,9052890.0
880472,证券,2021-01-13 13:25:00,1768.38,1768.99,1767.37,1768.48,8599830.0
880472,证券,2021-01-13 13:30:00,1768.73,1768.77,1760.33,1763.11,14570533.0
880472,证券,2021-01-13 13:35:00,1762.95,1763.5,1754.4,1757.63,18567368.0
880472,证券,2021-01-13 13:40:00,1757.42,1758.82,1753.19,1755.03,15957308.0
880472,证券,2021-01-13 13:45:00,1754.85,1761.51,1754.85,1755.9,10777597.0
880472,证券,2021-01-13 13:50:00,1755.83,1756.13,1751.1,1751.1,10279806.0
880472,证券,2021-01-13 13:55:00,1751.25,1757.94,1750.96,1755.38,9317775.0
880472,证券,2021-01-13 14:00:00,1755.95,1760.57,1755.72,1757.32,7112035.0
880472,证券,2021-01-13 14:05:00,1757.29,1759.23,1752.12,1759.23,8867709.0
880472,证券,2021-01-13 14:10:00,1758.98,1761.37,1757.98,1759.16,7461511.0
880472,证券,2021-01-13 14:15:00,1759.68,1763.21,1758.56,1758.74,8140587.0
880472,证券,2021-01-13 14:20:00,1758.52,1758.52,1752.25,1752.32,8158451.0
880472,证券,2021-01-13 14:25:00,1751.99,1753.65,1749.35,1753.04,11140990.0
880472,证券,2021-01-13 14:30:00,1753.33,1754.06,1751.43,1753.47,8876725.0
880472,证券,2021-01-13 14:35:00,1753.48,1753.77,1744.16,1744.16,14124518.0
880472,证券,2021-01-13 14:40:00,1744.04,1747.27,1740.74,1747.27,19835480.0
880472,证券,2021-01-13 14:45:00,1747.14,1747.14,1744.36,1744.8,10614328.0
880472,证券,2021-01-13 14:50:00,1744.93,1753.64,1744.83,1753.11,14665107.0
880472,证券,2021-01-13 14:55:00,1753.2,1753.99,1752.54,1752.67,16515841.0
880472,证券,2021-01-13 15:00:00,1752.79,1754.61,1752.53,1754.22,17380612.0
880472,证券,2021-01-14 09:35:00,1741.23,1743.56,1737.67,1743.56,35390352.0
880472,证券,2021-01-14 09:40:00,1743.78,1743.78,1731.33,1731.33,29526828.0
880472,证券,2021-01-14 09:45:00,1730.76,1731.98,1726.48,1730.59,28710332.0
880472,证券,2021-01-14 09:50:00,1730.19,1742.15,1730.19,1738.55,21359118.0
880472,证券,2021-01-14 09:55:00,1737.84,1737.84,1725.39,1725.39,20629436.0
880472,证券,2021-01-14 10:00:00,1724.93,1735.62,1722.41,1734.96,22212384.0
880472,证券,2021-01-14 10:05:00,1735.29,1735.37,1722.74,1722.77,19469684.0
880472,证券,2021-01-14 10:10:00,1722.27,1724.44,1718.83,1721.94,22588700.0
880472,证券,2021-01-14 10:15:00,1721.66,1721.66,1715.39,1720.37,19975486.0
880472,证券,2021-01-14 10:20:00,1720.46,1720.99,1710.65,1711.54,18765774.0
880472,证券,2021-01-14 10:25:00,1711.73,1719.83,1711.73,1718.41,12030433.0
880472,证券,2021-01-14 10:30:00,1718.39,1721.9,1714.62,1714.62,10220413.0
880472,证券,2021-01-14 10:35:00,1714.47,1721.32,1714.0,1721.05,9947112.0
880472,证券,2021-01-14 10:40:00,1721.09,1729.81,1719.9,1729.81,11975774.0
880472,证券,2021-01-14 10:45:00,1730.07,1737.29,1730.07,1734.03,15650338.0
880472,证券,2021-01-14 10:50:00,1733.98,1734.75,1728.1,1729.06,7915287.0
880472,证券,2021-01-14 10:55:00,1729.04,1733.43,1725.7,1732.78,5653641.0
880472,证券,2021-01-14 11:00:00,1732.88,1736.21,1730.75,1733.36,6634879.0
880472,证券,2021-01-14 11:05:00,1733.13,1735.9,1730.79,1730.99,5916892.0
880472,证券,2021-01-14 11:10:00,1730.84,1730.91,1727.49,1727.49,5030697.0
880472,证券,2021-01-14 11:15:00,1726.79,1726.79,1722.54,1725.47,7099731.0
880472,证券,2021-01-14 11:20:00,1724.72,1727.47,1721.27,1727.25,6093250.0
880472,证券,2021-01-14 11:25:00,1727.41,1729.21,1725.98,1726.98,4192252.0
880472,证券,2021-01-14 11:30:00,1727.09,1727.09,1721.7,1722.18,5862260.0
880472,证券,2021-01-14 13:05:00,1721.74,1722.34,1718.04,1718.33,7125026.0
880472,证券,2021-01-14 13:10:00,1718.09,1720.16,1717.31,1717.95,5797470.0
880472,证券,2021-01-14 13:15:00,1717.9,1719.17,1714.31,1716.44,7052568.0
880472,证券,2021-01-14 13:20:00,1716.68,1719.11,1715.1,1717.22,5369521.0
880472,证券,2021-01-14 13:25:00,1717.45,1719.33,1715.0,1715.0,5028203.0
880472,证券,2021-01-14 13:30:00,1715.0,1715.01,1711.35,1713.93,8718370.0
880472,证券,2021-01-14 13:35:00,1714.19,1719.66,1713.6,1718.24,6009443.0
880472,证券,2021-01-14 13:40:00,1718.09,1720.95,1716.25,1720.41,5145957.0
880472,证券,2021-01-14 13:45:00,1720.47,1721.32,1714.9,1714.9,5113275.0
880472,证券,2021-01-14 13:50:00,1714.83,1726.77,1713.85,1726.77,7755443.0
880472,证券,2021-01-14 13:55:00,1726.62,1730.89,1726.62,1727.67,9308973.0
880472,证券,2021-01-14 14:00:00,1727.78,1737.64,1727.78,1731.63,12740188.0
880472,证券,2021-01-14 14:05:00,1731.48,1731.51,1727.64,1727.77,6107950.0
880472,证券,2021-01-14 14:10:00,1727.86,1727.86,1721.63,1722.21,5075259.0
880472,证券,2021-01-14 14:15:00,1722.31,1726.13,1720.86,1720.86,4492442.0
880472,证券,2021-01-14 14:20:00,1720.59,1720.9,1717.04,1717.81,6654271.0
880472,证券,2021-01-14 14:25:00,1718.15,1720.07,1715.43,1715.43,6219278.0
880472,证券,2021-01-14 14:30:00,1715.47,1715.86,1712.39,1714.16,9966262.0
880472,证券,2021-01-14 14:35:00,1713.91,1717.02,1711.48,1715.03,7953849.0
880472,证券,2021-01-14 14:40:00,1714.95,1717.8,1713.44,1716.35,6776252.0
880472,证券,2021-01-14 14:45:00,1716.34,1716.34,1707.18,1707.63,14099248.0
880472,证券,2021-01-14 14:50:00,1707.62,1711.55,1707.41,1708.89,11841522.0
880472,证券,2021-01-14 14:55:00,1708.79,1711.65,1708.17,1708.83,14667156.0
880472,证券,2021-01-14 15:00:00,1708.78,1709.06,1707.31,1707.31,16308116.0
